product_code,x,y,cluster_name
8518,-1.496793491130165,-1.7847219933448102,Electronic and Electrical Goods
8535,-1.1651528764671368,-1.1642150318699134,Metalworking and Electrical Machinery and Parts
9608,-0.6175620860720574,-1.37621369428079,Textile and Home Goods
1519,0.3527594827435716,0.9301673540527218,Agriculture
6805,-0.6953764260966251,-0.1263050482270047,Textile and Home Goods
8202,-1.6389820876377623,-0.1774656399895797,Metalworking and Electrical Machinery and Parts
8607,-0.6144569215848819,0.1914656266704812,Metalworking and Electrical Machinery and Parts
4015,0.6171878202263139,-1.3720867393656304,Textile and Home Goods
604,2.285599209669289,0.67873953330513,Agriculture
701,2.2591412153581087,1.2415419709481967,Agriculture
6306,1.238806661191444,-0.2714799387453781,Textile and Home Goods
713,1.9864849714084527,1.4391142256884462,Agriculture
4806,-1.2480144001821205,-0.3936596808122883,Agriculture
8409,-0.9129111251775806,-0.4540633044232438,Metalworking and Electrical Machinery and Parts
207,1.0466527006171016,1.0149181412630388,Agriculture
1509,2.1951713424380808,1.197321806477328,Agriculture
1512,1.210486057238375,1.5870433395174763,Agriculture
3404,-2.0433789161318776,0.8730408963070015,Industrial Chemicals and Metals
3808,0.8752847887566642,0.4179778834393541,"Construction, Building, and Home Supplies"
1701,1.7184663925568398,1.224737373249226,Agriculture
5402,1.113904101830694,-1.387738555039364,Textile and Home Goods
6301,2.6533088819503927,-1.1978054640771596,Textile Apparel and Accessories
6909,-1.4818366788536863,0.2909759421736302,Industrial Chemicals and Metals
7413,-0.2230571580864135,0.974887081077144,"Construction, Building, and Home Supplies"
9706,-2.503885538123488,-0.0697999657996737,Textile and Home Goods
2303,0.8065746724137686,1.277808791779142,Agriculture
4104,1.8357736932955009,1.381524843922425,Agriculture
8524,-1.9952887547552411,-0.9251442223477684,Electronic and Electrical Goods
8605,-0.7655508816486121,0.4162199441217553,Industrial Chemicals and Metals
7322,0.19572172618239,0.2439587601117465,"Construction, Building, and Home Supplies"
6217,2.779339619490311,-1.604279034206379,Textile Apparel and Accessories
4908,0.0185250669349419,-1.310532701324478,Agriculture
6209,2.917058234061364,-1.311750651403206,Textile Apparel and Accessories
7501,-0.4296178714814695,1.8562032041312932,Industrial Chemicals and Metals
7320,-0.6501269140632329,-0.5266912947474998,Metalworking and Electrical Machinery and Parts
3816,-0.1469251514940155,0.1927881060702492,"Construction, Building, and Home Supplies"
8105,-1.039142189994288,1.784912135536553,Industrial Chemicals and Metals
7616,-0.223711446412159,-0.8292282712554107,Metalworking and Electrical Machinery and Parts
8509,-0.3360212020776605,-1.050544663138197,Electronic and Electrical Goods
2804,-1.5543597378987888,0.940573881293898,Industrial Chemicals and Metals
7102,-0.8165100572926387,1.887541224796725,Industrial Chemicals and Metals
2933,-2.777425496175449,0.7634535044125674,Industrial Chemicals and Metals
6404,2.7140597027675426,-1.5748460101055015,Textile Apparel and Accessories
708,2.097306241000558,1.170210475668139,Agriculture
809,2.3846793568661804,1.4067748307006198,Agriculture
3923,1.2555526644160606,0.0439019511359579,"Construction, Building, and Home Supplies"
8504,-1.3988420722941597,-1.374307484323778,Electronic and Electrical Goods
4016,-0.5894481059198866,-0.7288026435095905,Metalworking and Electrical Machinery and Parts
709,2.389752643622568,1.166276124609527,Agriculture
2836,-0.4598654563374769,0.7723774436393591,Industrial Chemicals and Metals
2707,-1.104915375193225,1.3023382601966258,Minerals
2009,1.9406548342682752,0.862050816078209,Agriculture
9406,0.3837579433825491,-0.116165467326649,"Construction, Building, and Home Supplies"
2613,-0.5753756801900365,1.901592309463552,Minerals
6201,2.9035107428221405,-1.486742441963342,Textile Apparel and Accessories
5701,1.790827514782836,-0.7750282201696703,Textile and Home Goods
2306,1.2118755717337688,1.5229525417701408,Agriculture
1005,1.330411611643454,1.572149391016218,Agriculture
4002,-1.8613664551722395,0.9616546515854588,Industrial Chemicals and Metals
2510,0.1919073163289346,1.360649462500631,Minerals
8541,-1.9185079616542815,-1.967185333792096,Electronic and Electrical Goods
8452,1.4153932911758256,-1.6992538070802472,Textile and Home Goods
7219,-1.8140832881138476,0.6225920761086723,Industrial Chemicals and Metals
9017,-1.7660368356181706,-0.8950831048775745,Industrial Chemicals and Metals
6914,-0.2004816127678603,-1.411220836170418,Textile and Home Goods
4201,-0.2707791867621583,-1.1396807690724728,Agriculture
8102,-1.7823529635268345,1.4708660427770877,Industrial Chemicals and Metals
8459,-1.523931387782646,-0.3544330110414158,Metalworking and Electrical Machinery and Parts
802,2.4268149626362057,1.2271890179137015,Agriculture
2505,0.6996560862752674,0.5707284861886857,Minerals
5408,1.4142593055229635,-1.4234847417208951,Textile and Home Goods
7608,0.086321514837532,-0.5450593338314895,"Construction, Building, and Home Supplies"
2914,-2.4771155907779923,0.9646791358699928,Industrial Chemicals and Metals
2849,-1.3442043205498124,0.7309410974171535,Industrial Chemicals and Metals
4819,1.4432685535935257,0.29655808019058,Agriculture
9032,-1.4336569601195603,-1.1676943903516104,Electronic and Electrical Goods
3402,1.2239587848952027,0.2483366209113273,Industrial Chemicals and Metals
7306,0.5825077880532157,0.1862663879614623,"Construction, Building, and Home Supplies"
6908,0.8402196293807074,-0.626900642686367,Textile and Home Goods
5602,-0.080310555053785,-0.2932760186885617,Textile Apparel and Accessories
6108,2.952423120211228,-1.4276923132471857,Textile Apparel and Accessories
6907,0.8775476250330154,-0.6762963107259738,"Construction, Building, and Home Supplies"
6206,2.9419883737406325,-1.5489304035765985,Textile Apparel and Accessories
6406,2.6748387152162305,-1.4141214656393937,Textile Apparel and Accessories
9113,-1.329041801441966,-2.0826073203626527,Electronic and Electrical Goods
7004,-1.7516671283664944,0.2489388187098882,Industrial Chemicals and Metals
8537,-1.2372120100610495,-1.2202484301752934,Electronic and Electrical Goods
9003,-1.1066971692538157,-1.6588189535601887,Electronic and Electrical Goods
1905,1.531626820594134,0.5451000985331369,Agriculture
4808,1.1409256656153903,0.5081794071418715,Agriculture
5603,-1.6526265331220238,0.5156065527840359,Textile Apparel and Accessories
8513,-0.6105232445611439,-1.573211866413585,Metalworking and Electrical Machinery and Parts
4809,-1.3107938021262011,0.1111747966177754,Agriculture
1208,1.47747885284174,1.5965466292506876,Agriculture
4907,0.9102537274632084,0.8448740324388653,Agriculture
102,1.4285194043500802,1.4144773868358749,Agriculture
8215,0.6148960077127947,-1.3125951725541656,Textile and Home Goods
2901,-1.4842837648743898,1.230845354124679,Industrial Chemicals and Metals
8451,-0.3206862926980585,-0.8639928530331353,Metalworking and Electrical Machinery and Parts
7117,1.0718051748418933,-1.7566619198509774,Textile and Home Goods
305,2.566338601162625,-0.0339233246314085,Agriculture
1003,0.90532984560901,1.3523542973267295,Agriculture
4804,-1.0466714268101744,0.7509200481667246,Agriculture
4911,0.7355667526897536,0.3556322991862739,Agriculture
5516,1.4522640246888665,-1.5281660623622049,Textile and Home Goods
7226,-1.527953766325645,0.5124274645433551,Industrial Chemicals and Metals
5403,0.962102852602349,-1.2181110245625728,Textile and Home Goods
7228,-0.8088259748886824,0.3306873178391765,"Construction, Building, and Home Supplies"
8417,-0.469428409309665,-0.083951673255723,"Construction, Building, and Home Supplies"
4012,-0.6887100576090481,-0.2431174523370176,Industrial Chemicals and Metals
2915,-2.1863488929421635,0.7845251002733464,Industrial Chemicals and Metals
6116,2.6156914295829194,-1.391037266019468,Textile Apparel and Accessories
9024,-1.963227648692884,-0.9709152207600652,Metalworking and Electrical Machinery and Parts
4005,-0.4890956940649169,-0.6894351018338059,Metalworking and Electrical Machinery and Parts
8212,0.2506304729886848,-0.530902772805607,"Construction, Building, and Home Supplies"
7323,0.963785186034518,-0.969217477546372,Textile and Home Goods
1202,1.918068652103167,1.506129003310845,Agriculture
6402,2.753291571690617,-1.481045889916058,Textile Apparel and Accessories
5705,1.5463705291516971,-1.013596330074833,Textile and Home Goods
8438,-0.0974906516541951,0.0256757309948962,"Construction, Building, and Home Supplies"
2811,-1.42197611318816,0.7112219902232813,Industrial Chemicals and Metals
1214,1.6269540560274232,1.5358145018278575,Agriculture
5703,0.7825828370895285,-0.6201788036067786,Textile and Home Goods
6202,2.851166759792978,-1.5420837626434354,Textile Apparel and Accessories
7008,0.1441127247976665,0.2189303210394704,"Construction, Building, and Home Supplies"
8712,-0.0629947469628446,-1.2962719661168114,Textile and Home Goods
9613,-1.0500101128711463,-1.7146740719590166,Electronic and Electrical Goods
2844,-1.321488234367867,1.575276984064768,Industrial Chemicals and Metals
707,2.338746152350761,1.3676720453402431,Agriculture
8533,-1.7929549652398142,-1.7882059094469605,Electronic and Electrical Goods
8470,-1.570559532939668,-1.785096221335905,Electronic and Electrical Goods
4411,0.6029283327122181,1.1074606245618877,Agriculture
8525,-1.6543048318882587,-1.616492214033113,Electronic and Electrical Goods
2926,-2.423499220828147,0.9966793728682628,Industrial Chemicals and Metals
7312,-0.1763146973945746,-0.530017292260446,"Construction, Building, and Home Supplies"
8415,-0.9874240081041196,-1.408628793120038,Metalworking and Electrical Machinery and Parts
5608,1.8008438786222616,-0.9090480090849258,Textile and Home Goods
9612,-1.3696457624393523,-1.6639328996578726,Electronic and Electrical Goods
9001,-1.622823556225761,-1.8327769929357505,Electronic and Electrical Goods
2102,1.5562251395659237,0.4805380309929825,Agriculture
5804,1.7151756945679697,-1.586337872508198,Textile and Home Goods
9402,-1.0735654706988136,-0.8202966373447371,Metalworking and Electrical Machinery and Parts
8303,-0.0133904854972555,-0.7477322169473195,"Construction, Building, and Home Supplies"
8446,-1.8210458988911151,-0.2177977398848791,Textile and Home Goods
3918,-0.7618240118196793,0.0608371217014149,Metalworking and Electrical Machinery and Parts
2833,-0.4784037070753326,0.9731608675330884,Industrial Chemicals and Metals
8529,-1.6565021965401243,-1.7440125994228386,Electronic and Electrical Goods
3405,0.9490985741130612,0.2089706773621951,"Construction, Building, and Home Supplies"
5515,1.579146321266216,-1.504828322908376,Textile and Home Goods
8714,-1.0367113037686255,-1.6102985854070684,Electronic and Electrical Goods
2605,-0.4877341777058586,1.9010101178430832,Minerals
8477,-1.3383863322719614,-0.7512654974060649,Metalworking and Electrical Machinery and Parts
3104,-0.0872056768735993,1.231972743693107,Industrial Chemicals and Metals
8514,-1.422206517065553,-0.482375005917985,Metalworking and Electrical Machinery and Parts
6115,2.8179568743026646,-1.4087742226454028,Textile Apparel and Accessories
8706,-0.7466739634974489,-0.2365106191865231,Metalworking and Electrical Machinery and Parts
9303,-1.0662889506855646,-0.0691823194434735,Metalworking and Electrical Machinery and Parts
5309,1.047461712268313,-1.2468671828362987,Textile and Home Goods
7410,-1.8317052417654096,-1.970033278352432,Electronic and Electrical Goods
9004,-1.0927174797091612,-1.7577775010391403,Electronic and Electrical Goods
2903,-2.2080183501018644,0.909160807865682,Industrial Chemicals and Metals
8802,-2.2065688352335178,-0.7347150610346953,Industrial Chemicals and Metals
1804,2.236462480401711,0.5038356989007502,Agriculture
7507,-2.1171719779768825,1.025492175853333,Industrial Chemicals and Metals
1520,0.646295306299256,0.5869630853816474,Agriculture
6107,3.0607795757050376,-1.343138687513869,Textile Apparel and Accessories
8461,-1.60595999750732,-0.4469605193016328,Metalworking and Electrical Machinery and Parts
8480,-0.8598448758148032,-0.8326157670495349,Metalworking and Electrical Machinery and Parts
7321,0.3624179228095485,-0.5191970277859361,"Construction, Building, and Home Supplies"
404,0.9430506710082338,1.0876186983752874,Agriculture
8609,-0.1540786753275576,-0.3653897673700126,"Construction, Building, and Home Supplies"
6112,2.8900334914489614,-1.409082779469061,Textile Apparel and Accessories
7301,0.0236316091196391,0.303105427515681,"Construction, Building, and Home Supplies"
7213,-0.045427811483119,0.4202746281983027,Metalworking and Electrical Machinery and Parts
201,1.346093013243025,1.2963227930973815,Agriculture
4805,0.663589229384066,1.1395988923510203,Agriculture
8539,-0.5366922201775712,-1.1208999397931654,Metalworking and Electrical Machinery and Parts
7227,-1.3078104111926914,0.3141378285058231,Metalworking and Electrical Machinery and Parts
8410,-1.045809353188791,-0.1400556850831871,Metalworking and Electrical Machinery and Parts
4014,-0.8335751047826072,-0.7188752583147429,Metalworking and Electrical Machinery and Parts
8412,-1.0713256197920291,-0.3853431480931462,Metalworking and Electrical Machinery and Parts
8523,-1.7601845526798745,-1.8577268515286312,Electronic and Electrical Goods
2002,2.285140724903981,1.3921435076792332,Agriculture
8442,-1.3163911064036842,-0.8422160097996563,Metalworking and Electrical Machinery and Parts
8478,0.5813921417909667,0.3599828734530126,Metalworking and Electrical Machinery and Parts
2007,1.8481974078093035,0.8289001054598666,Agriculture
3208,0.8526918821483318,0.2187069976372715,"Construction, Building, and Home Supplies"
6804,-1.2823530751646213,-0.1749714378042501,Metalworking and Electrical Machinery and Parts
8440,-1.6409632920056112,-0.232832560291049,Metalworking and Electrical Machinery and Parts
1602,1.119563270985843,0.9078515869981408,Agriculture
3302,-2.711705984259704,0.5181249044387788,Industrial Chemicals and Metals
3702,-2.3470303196302007,0.7343705588333713,Industrial Chemicals and Metals
5911,-0.5928832571754796,-0.500374055314907,Textile and Home Goods
3001,-2.759374706440069,0.4696536046928741,Industrial Chemicals and Metals
5903,0.3247530325516914,-1.3861215468165533,Textile and Home Goods
3822,-2.5231694684836405,0.1259394744298196,Industrial Chemicals and Metals
3903,-1.8607858300654532,0.7407433552141085,Industrial Chemicals and Metals
8707,-0.2727168656429537,0.0616966770808815,"Construction, Building, and Home Supplies"
7317,0.6564964700647526,0.0860483391108206,"Construction, Building, and Home Supplies"
9028,-0.6192748628926434,-0.6646261388217873,"Construction, Building, and Home Supplies"
3503,-1.1396080615458457,0.9046413648826768,"Construction, Building, and Home Supplies"
8519,-1.5395876032857765,-1.86216564238658,Electronic and Electrical Goods
9102,-1.263343930007143,-1.950537891132928,Electronic and Electrical Goods
6104,3.1144308516283488,-1.4545760234691771,Textile Apparel and Accessories
8458,-1.574072259817551,-0.1671415642456906,Metalworking and Electrical Machinery and Parts
9607,1.3446160809857135,-1.6556826595998655,Textile and Home Goods
1201,1.3294457370712047,1.6937828105275248,Agriculture
2704,-0.6277107991804027,1.145050398311609,Minerals
5513,1.6174013119826762,-1.5482883709914803,Textile and Home Goods
7315,-1.0760033870242107,-0.3135745355787289,Metalworking and Electrical Machinery and Parts
8434,0.4276416598657406,0.7493138716912244,Metalworking and Electrical Machinery and Parts
2930,-2.570578749418143,0.7594461130469541,Industrial Chemicals and Metals
4011,-0.1784168806091624,-0.6196547956344318,"Construction, Building, and Home Supplies"
9010,-2.126150210045048,-0.8002933003662485,Industrial Chemicals and Metals
2608,-0.3797622381018879,1.9969841342038104,Minerals
5201,2.028683909207393,1.558448118516631,Textile and Home Goods
6309,-0.987670428382647,-0.4165424868790783,Textile Apparel and Accessories
3006,-2.714348641541897,0.4225939834898891,Industrial Chemicals and Metals
403,1.1813967271621395,0.7937808579450696,Agriculture
5208,1.7132506698666976,-1.4988021424415732,Textile and Home Goods
7112,0.4280579640326398,0.8357201997336374,Industrial Chemicals and Metals
8422,-1.347115698809518,-0.6733440380901765,Metalworking and Electrical Machinery and Parts
4008,-0.5673717588138012,-0.1232676605494997,Metalworking and Electrical Machinery and Parts
4813,0.4760328317736264,0.3653623453344927,Agriculture
8463,-1.5907791390088608,-0.2558029673743385,Metalworking and Electrical Machinery and Parts
9504,-1.1610323821843618,-1.6143821837380483,Electronic and Electrical Goods
9305,-1.2282647104317168,-0.2490467389767863,Metalworking and Electrical Machinery and Parts
4811,-0.9748051624742008,0.6075108508397076,Agriculture
6204,2.9812278229451614,-1.352626824638821,Textile Apparel and Accessories
3301,2.210862219389468,1.085452644862576,Textile Apparel and Accessories
2614,0.1149512597850228,1.951158740295457,Minerals
4802,-1.0663747790336304,0.6859620003560405,Agriculture
9505,0.8176028815645786,-1.7283517276980749,Textile Apparel and Accessories
1515,1.9928071706655397,0.998819915544412,Agriculture
7324,0.0492102907822609,-0.8775511819821504,"Construction, Building, and Home Supplies"
3603,-0.742826237084381,0.2071776976379968,Metalworking and Electrical Machinery and Parts
7901,-0.630725978390974,1.5856784209766066,Industrial Chemicals and Metals
7005,-0.2614786704696321,-0.5139176459847945,Textile and Home Goods
4301,0.2819779933623172,0.4106356752692686,Agriculture
3812,-2.2359862264421566,0.5088824052992829,Industrial Chemicals and Metals
8211,-0.7869275810028378,-1.4455926339309173,Metalworking and Electrical Machinery and Parts
6212,2.8346753684413626,-1.4736888842769695,Textile Apparel and Accessories
1604,2.5841485946992666,0.0297200568431414,Agriculture
6215,2.671818523238892,-1.7304680617149346,Textile Apparel and Accessories
6109,3.0201694404461445,-1.550027369548755,Textile Apparel and Accessories
7010,1.0011987655096846,0.0746719265612889,"Construction, Building, and Home Supplies"
6405,3.061118854431365,-1.667294529476179,Textile Apparel and Accessories
3905,-2.2657697635843705,0.6095097521425572,Industrial Chemicals and Metals
5514,1.5114729918059373,-1.430274767537651,Textile and Home Goods
7210,-0.4207171539042917,0.4016891255098396,"Construction, Building, and Home Supplies"
1212,2.5076953431146425,1.2176582640780205,Agriculture
8903,-0.8327982481962697,-0.1080025915256377,"Construction, Building, and Home Supplies"
9209,-1.0516313150012753,-1.5393276156618083,Metalworking and Electrical Machinery and Parts
7304,-0.9770859713533528,0.0932362984640149,Metalworking and Electrical Machinery and Parts
8474,-0.7810292050628029,-0.2905003686427878,"Construction, Building, and Home Supplies"
2815,-1.6369878623025793,1.1394800390799855,Industrial Chemicals and Metals
3913,-2.612308706207214,0.4062600044951003,Industrial Chemicals and Metals
3105,0.1187647526689477,1.1850570722685867,"Construction, Building, and Home Supplies"
2507,-1.0317750122601126,0.4382888302034846,Minerals
202,1.3754629359956292,1.3659839500763409,Agriculture
4420,2.4642927299785145,-0.9723336469488508,Agriculture
3707,-2.316419003527049,0.9051621766017188,Industrial Chemicals and Metals
6802,1.4437879251356662,-0.2152069398218954,"Construction, Building, and Home Supplies"
8501,-0.6846477603258161,-1.0404241413779176,Metalworking and Electrical Machinery and Parts
7009,-0.4215094155787442,-0.7941899954910001,Metalworking and Electrical Machinery and Parts
4013,0.5208787549509437,-1.188799724441717,Textile and Home Goods
5502,-2.3601665194692925,0.9757086365562108,Industrial Chemicals and Metals
6102,3.037132154136496,-1.40997749363488,Textile Apparel and Accessories
3406,0.4948322965651033,-0.3142911474076237,"Construction, Building, and Home Supplies"
5806,1.375184605177436,-1.605958724507888,Textile and Home Goods
8460,-1.5664626353394806,-0.4040694043067694,Metalworking and Electrical Machinery and Parts
3922,0.8187844885017306,-0.1225857931778251,"Construction, Building, and Home Supplies"
3921,0.5286764193140927,-0.0765679137926764,"Construction, Building, and Home Supplies"
6208,3.125961743475842,-1.5209823646800835,Textile Apparel and Accessories
2906,-2.6668506468618727,0.9240906846216794,Industrial Chemicals and Metals
306,2.6479776210993915,0.0695663262361225,Agriculture
8548,-1.7320763188700958,-1.7690058441948373,Electronic and Electrical Goods
7222,-1.5442142647494512,0.2807174488123634,Metalworking and Electrical Machinery and Parts
2818,-0.7612362343505543,0.726259770123252,Industrial Chemicals and Metals
7002,-2.344537018345154,0.8457833073141838,Industrial Chemicals and Metals
2912,-2.400313401721318,0.8519411852551162,Industrial Chemicals and Metals
9404,1.3818988394745118,-0.4259836272424755,Textile Apparel and Accessories
1205,0.7996054594558801,1.2160844052748234,Agriculture
2001,2.168496087479447,1.0447820380663564,Agriculture
407,1.6809977949098371,0.8453075390907876,Agriculture
2207,1.5747204149984446,1.0586328241927538,Agriculture
4303,0.7101585662285239,-0.6110767028531863,Agriculture
8426,-1.2573746417567402,-0.4567505247942531,Metalworking and Electrical Machinery and Parts
3005,0.2098412230148123,-0.2416787832106353,Metalworking and Electrical Machinery and Parts
8507,-0.6163711260456934,-1.118221657093434,Electronic and Electrical Goods
2302,1.578695172257154,1.400965758699034,Agriculture
3303,0.9006744524333747,0.165830077039935,"Construction, Building, and Home Supplies"
2936,-2.779201073182622,0.6820729887424544,Industrial Chemicals and Metals
8464,-1.5721046877300575,-0.5557830004283455,Metalworking and Electrical Machinery and Parts
2105,1.481425245176302,0.5960539992486731,Agriculture
7205,-1.2023540246677102,0.4958495640695153,Industrial Chemicals and Metals
8603,-1.2308821082599066,0.2160132071900249,Metalworking and Electrical Machinery and Parts
8531,-1.3976563084284692,-1.7198293917800338,Electronic and Electrical Goods
8301,-0.4105415430230485,-0.93587374874235,Metalworking and Electrical Machinery and Parts
8436,0.1488227082260236,0.6495024572887953,"Construction, Building, and Home Supplies"
2834,-0.116947155680009,1.1526559422400782,Industrial Chemicals and Metals
2403,1.0458606834678577,0.4085334876327757,Agriculture
3810,-1.930788995709121,0.4008536604099104,Industrial Chemicals and Metals
2920,-2.5996192967153497,0.9291114066646422,Industrial Chemicals and Metals
4909,1.1514527814833704,-0.0015540387561951,Agriculture
8204,-1.441085391418381,-0.4243380303095501,Metalworking and Electrical Machinery and Parts
4823,0.9448002488726486,0.0381586982764994,Agriculture
3909,-1.59378288666595,0.5860845300519806,Industrial Chemicals and Metals
2827,-2.280673147102865,0.5536303067046879,Industrial Chemicals and Metals
7506,-1.9683543642072552,1.367164196204048,Industrial Chemicals and Metals
1207,1.97721300343398,1.5152531226983146,Agriculture
6303,2.093484923309971,-1.237750698942835,Textile and Home Goods
6305,2.8229592487486848,-1.088371610721104,Textile Apparel and Accessories
8606,-0.0852259396570001,0.7373442582042857,"Construction, Building, and Home Supplies"
8528,-1.2922273698581044,-1.6713780390223452,Electronic and Electrical Goods
5205,1.9628580899573975,-1.5274766778762765,Textile and Home Goods
803,2.4380362244388616,0.7328316220570223,Agriculture
1702,0.806690577362438,0.3535618373233244,Agriculture
504,1.8070144722502857,1.5255497935296098,Agriculture
2909,-1.783891210480093,1.182022052186122,Industrial Chemicals and Metals
7310,1.1420823309813102,0.1942313920069605,"Construction, Building, and Home Supplies"
8716,0.0942995165417017,-0.1897858351121462,"Construction, Building, and Home Supplies"
2401,1.9371243181814977,1.0290047398554738,Agriculture
7801,1.7886435990174192,0.5504943678836205,"Construction, Building, and Home Supplies"
5503,-0.0123239888018473,-0.8772214351828795,Textile and Home Goods
7408,-0.414291948403267,1.012829093779021,Metalworking and Electrical Machinery and Parts
6304,2.7999677660510445,-1.2295501191908031,Textile Apparel and Accessories
8532,-1.6258294434784215,-2.134836385866768,Electronic and Electrical Goods
8511,-0.5317863109261731,-0.6372008057203471,Metalworking and Electrical Machinery and Parts
804,2.386502536818253,0.8633296725393551,Agriculture
4202,2.597113321236133,-1.6833734592952256,Agriculture
8405,-1.101286315447558,-0.2316738000883342,Metalworking and Electrical Machinery and Parts
3306,1.0405801615975516,0.0239560875270785,"Construction, Building, and Home Supplies"
6505,2.782642176951777,-1.5461404887707055,Textile Apparel and Accessories
703,2.3244579331247053,1.440492580331171,Agriculture
3701,-2.304395821304219,0.6555586470227368,Industrial Chemicals and Metals
4410,0.5780042450318512,1.2196204084678652,Agriculture
8207,-1.1954634876955486,-0.4969789240267768,Metalworking and Electrical Machinery and Parts
4101,1.7060848586414448,1.398728973284487,Agriculture
8543,-1.5329974044005423,-1.66230614878147,Electronic and Electrical Goods
2701,-0.4113288530620349,1.6903566637443634,Minerals
601,2.3038826651402378,0.9419414041893122,Agriculture
7305,-0.7056966125071957,0.8281641977313918,Metalworking and Electrical Machinery and Parts
9207,-1.587086686102977,-1.890165484262582,Electronic and Electrical Goods
8402,-0.322678745225482,-0.3168284398226912,"Construction, Building, and Home Supplies"
704,2.395435042672492,1.347965782349466,Agriculture
2826,-1.4224564218282962,0.454781734015369,Industrial Chemicals and Metals
5401,1.6626877473225008,-1.7125356009285275,Textile and Home Goods
3924,1.1112583390783568,-0.1617947651757696,"Construction, Building, and Home Supplies"
8526,-1.7903990043701756,-1.3970310696240915,Electronic and Electrical Goods
1006,2.034099714649116,1.3343777400826924,Agriculture
2202,1.4354468034973724,0.5137689438933233,Agriculture
8404,-0.7698342297200247,-0.7270059940130789,Metalworking and Electrical Machinery and Parts
2530,-0.1526963131945033,1.713598693168679,Minerals
4902,0.8819847794603639,0.7032695344314974,Agriculture
6111,3.093074936916816,-1.5702246125610635,Textile Apparel and Accessories
9018,-2.135032527100311,-1.111832761066421,Electronic and Electrical Goods
7214,0.2416672180895194,0.4822173661552353,"Construction, Building, and Home Supplies"
6103,3.122808529785262,-1.3186299355529902,Textile Apparel and Accessories
7606,-0.8600299202660815,0.4448472460353998,"Construction, Building, and Home Supplies"
8406,-1.013292329875812,-0.3155879975910776,Metalworking and Electrical Machinery and Parts
8429,-1.3733274562360769,-0.354662608570472,Metalworking and Electrical Machinery and Parts
1007,1.5745626962391783,1.6190236295275295,Agriculture
3206,-2.0114047387810228,0.5502328078215171,Industrial Chemicals and Metals
7502,-1.293593715590024,1.6355196704028423,Industrial Chemicals and Metals
7614,0.5667444093776077,-0.3227412716769282,"Construction, Building, and Home Supplies"
8450,-0.0622664286303273,-0.7850998510923626,"Construction, Building, and Home Supplies"
8455,-0.9887860746448962,-0.0594725754227272,Metalworking and Electrical Machinery and Parts
2916,-2.2685987979802267,1.0221375304403968,Industrial Chemicals and Metals
302,2.61831335112746,-0.1453074844021065,Agriculture
8437,-0.1489134470929007,0.0617217735883115,"Construction, Building, and Home Supplies"
2304,1.384618815627526,1.6304872287644292,Agriculture
8432,0.2528990556074286,0.6927449825775507,Agriculture
8479,-1.8197380558152487,-0.8299483752869901,Electronic and Electrical Goods
6903,-1.1042384682857245,0.0828854688961673,Metalworking and Electrical Machinery and Parts
8428,-1.1224618928180692,-0.5272537761392555,Metalworking and Electrical Machinery and Parts
8472,-1.5732023002582047,-1.725191373053152,Metalworking and Electrical Machinery and Parts
2921,-2.623693518695351,0.8745182756122967,Industrial Chemicals and Metals
2208,1.305602695336133,0.5771422419636241,Agriculture
4107,1.9476080919563312,-0.4426091163766299,Agriculture
8408,-0.8462430999793664,-0.2431761686940228,Metalworking and Electrical Machinery and Parts
2809,-0.497943410803225,0.8207163356326221,"Construction, Building, and Home Supplies"
7307,-1.006825738483305,-0.7717927831670246,Metalworking and Electrical Machinery and Parts
2523,1.5287447853594085,0.6955011591541158,Minerals
2604,-0.2954312401484418,1.9034691020521848,Minerals
8447,1.1631242141942568,-1.755844655637922,Textile and Home Goods
1108,0.7362000729788991,1.2177906718306626,Agriculture
7602,0.8627867997108813,0.490663761462351,Industrial Chemicals and Metals
2615,0.2416825009150298,1.9829135168778984,Minerals
8108,-1.9249086535031883,1.4069500919234956,Industrial Chemicals and Metals
104,1.931854799945559,1.6731939672955112,Agriculture
7318,-0.958444592108954,-0.8882689887812811,Metalworking and Electrical Machinery and Parts
8538,-1.324330473124964,-1.243803810803224,Electronic and Electrical Goods
402,1.273147475769517,1.105249586743406,Agriculture
2610,-0.2432795150641982,1.8761000585228345,Minerals
7207,-0.5177619955310284,1.3511932879087256,"Construction, Building, and Home Supplies"
3307,0.7592080611280903,0.055719565021294,"Construction, Building, and Home Supplies"
3506,-2.355008174619245,0.4119584506184166,Industrial Chemicals and Metals
203,0.9177166368163804,1.1558547998993474,Agriculture
2106,1.273293335056187,0.4741760071696799,Agriculture
7212,-0.3823921067156939,0.2749722426869962,"Construction, Building, and Home Supplies"
8602,-0.2309423624740851,0.6844159607945697,Metalworking and Electrical Machinery and Parts
8503,-0.6208157996231924,-0.8446623273752911,Metalworking and Electrical Machinery and Parts
4415,0.9884488543681896,0.7759721631894068,Agriculture
3801,-1.2877113560511235,0.381456013432667,Metalworking and Electrical Machinery and Parts
8483,-1.0285514364408834,-0.2427233069526442,Metalworking and Electrical Machinery and Parts
7326,-0.5468146468260393,-0.9010792760772386,Metalworking and Electrical Machinery and Parts
714,2.448895222145622,0.832720693576781,Agriculture
3207,-1.9217411962192328,0.573979726888227,Industrial Chemicals and Metals
8420,-1.587920394800213,-0.0236155852932991,Metalworking and Electrical Machinery and Parts
2710,-0.8918795120233769,1.306597563674552,Minerals
3103,0.2264701597960199,1.3168563529851984,Industrial Chemicals and Metals
9401,0.3475630775448737,-0.7281870687990506,"Construction, Building, and Home Supplies"
8905,-1.0344986562912497,1.2665305160440403,Industrial Chemicals and Metals
901,2.3970360714729475,0.6653862380866258,Agriculture
7407,-0.4232954276991756,0.9477518375580458,"Construction, Building, and Home Supplies"
7601,-0.5909343301351089,1.2874940311912186,"Construction, Building, and Home Supplies"
8201,-0.6911170414956125,-1.112049277632878,Metalworking and Electrical Machinery and Parts
8418,0.0434990377577735,-0.8061603784463269,Metalworking and Electrical Machinery and Parts
101,1.2879449187415748,1.262717385851504,Agriculture
910,2.270740268607379,0.9865940098943358,Agriculture
2917,-1.7450516822535178,0.9553914748550988,Industrial Chemicals and Metals
3214,0.492923777315382,0.1300768467631581,"Construction, Building, and Home Supplies"
7314,0.7863564723645227,-0.181453261936604,"Construction, Building, and Home Supplies"
6809,0.4127008639903966,0.2007350572035635,"Construction, Building, and Home Supplies"
7612,0.5753566483404535,0.1193070712528876,"Construction, Building, and Home Supplies"
702,2.458336095907635,1.3506336476310192,Agriculture
7615,1.0991038468187426,-0.9351408596975516,Textile and Home Goods
8208,-1.133211220968968,-0.4131893804029176,Metalworking and Electrical Machinery and Parts
8471,-1.8775643551427552,-1.8504752216258091,Electronic and Electrical Goods
2309,1.146357487458249,0.2771022495652158,Agriculture
4803,1.0489212832358454,0.1164758419135378,Agriculture
5404,-0.3862002200450396,-0.2312773462987964,Metalworking and Electrical Machinery and Parts
8427,-1.828200461956792,-0.1323497551249994,Metalworking and Electrical Machinery and Parts
4820,1.5808708352967944,0.1889709509661434,Agriculture
8305,-0.4375236159866267,-1.173592602306472,Electronic and Electrical Goods
3802,-2.1190513987268327,0.7077085975628763,Industrial Chemicals and Metals
3507,-2.7009845931138377,0.6208806008437442,Industrial Chemicals and Metals
5407,1.5067112301647514,-1.5955010572138364,Textile and Home Goods
9603,0.8972455977018927,-1.4002137092573332,Textile and Home Goods
6601,0.0310811918489659,-1.4440740584719167,Textile Apparel and Accessories
4602,2.786354436399522,-1.1639679141375572,Agriculture
8425,-1.2696237041406124,-0.6941460832555904,Metalworking and Electrical Machinery and Parts
8468,-1.2885318603871188,-0.7945907109516108,Metalworking and Electrical Machinery and Parts
8904,-0.9617817498873747,1.192036742448089,Textile and Home Goods
9006,-1.637423728486132,-1.917524015669953,Electronic and Electrical Goods
2807,-0.550557594187409,1.228977735966828,Industrial Chemicals and Metals
8522,-1.6325802342941174,-1.995864912204236,Electronic and Electrical Goods
3505,-0.5650997528421433,0.2925115051270466,"Construction, Building, and Home Supplies"
4102,1.9833261336380852,1.6584062054318212,Agriculture
7610,0.5947709717678595,-0.1874426854904027,"Construction, Building, and Home Supplies"
9101,-1.197742707160847,-2.107211945125204,Electronic and Electrical Goods
6911,0.5417389559342252,-1.1338457127153174,Textile and Home Goods
4302,0.4483849166682172,-0.1748380238237159,Agriculture
8517,-1.7718320830516625,-1.692813475050979,Electronic and Electrical Goods
103,0.6782504106838738,0.8734235588554284,Agriculture
8515,-1.4056038667442228,-0.7216962478055426,Metalworking and Electrical Machinery and Parts
2910,-2.3076860302426723,1.07062013545262,Industrial Chemicals and Metals
2603,-0.452195862052104,1.9639597347808808,Minerals
1211,2.353433192191333,1.1139970217599262,Agriculture
9005,-1.54392370767085,-0.8052104993160636,Metalworking and Electrical Machinery and Parts
8485,-1.5305215866678796,-0.6022897289994893,Metalworking and Electrical Machinery and Parts
7103,0.1812800673882111,1.9922546263508332,Minerals
2922,-2.6920771694328263,0.8600677776621315,Industrial Chemicals and Metals
4801,-1.2700810885424836,0.6411256100859957,Agriculture
2515,2.318742767696888,1.0687852492962038,Minerals
6105,3.0165669728168654,-1.6254628540720797,Textile Apparel and Accessories
5504,-1.4361146829868188,0.17545535710761,Textile and Home Goods
8307,-0.6311273053888735,-0.7816901590947332,Metalworking and Electrical Machinery and Parts
3915,1.8443779240577785,0.2233078858896711,"Construction, Building, and Home Supplies"
6106,3.106063443530177,-1.6292137165150504,Textile Apparel and Accessories
7208,-0.6423517460192354,0.7833166205747801,"Construction, Building, and Home Supplies"
7311,-0.4177316845065131,-0.2774997267055716,"Construction, Building, and Home Supplies"
2924,-2.6367867004371965,0.8071780720515758,Industrial Chemicals and Metals
8101,-1.9326262969919648,0.8256354286584702,Industrial Chemicals and Metals
813,2.313333686698389,1.3178101386472787,Agriculture
8203,-0.8868943154732309,-1.1284045649830314,Metalworking and Electrical Machinery and Parts
4414,0.4063157606235106,-1.3388768980611503,Agriculture
7007,-0.0633680146931072,-0.0601392901861426,"Construction, Building, and Home Supplies"
7217,0.2613920273999919,0.3540255900018896,Metalworking and Electrical Machinery and Parts
204,1.840522984151069,1.680084497521738,Agriculture
7403,-0.449829347087491,1.782909742031019,Industrial Chemicals and Metals
2822,-1.151934699552008,1.7775450084286657,Industrial Chemicals and Metals
8416,-0.6083084574881967,0.1293620106305439,Metalworking and Electrical Machinery and Parts
8445,-1.87649315133709,-0.2018641212114453,Metalworking and Electrical Machinery and Parts
8805,-2.450252968378602,0.5480511281815383,Industrial Chemicals and Metals
2104,1.6411573027436417,0.4218615087742225,Agriculture
4412,0.7204245291741849,1.5454498441744553,Agriculture
9503,-0.7065168111866806,-1.561888724752465,Electronic and Electrical Goods
3911,-2.228469582674491,0.9694603164847292,Industrial Chemicals and Metals
2501,1.5949200311318696,1.2773844003681265,Minerals
8521,-1.4515199544950703,-1.855140976063332,Electronic and Electrical Goods
2516,0.381105456186988,1.3414006188716847,Minerals
810,2.489562576303226,1.2847186179049497,Agriculture
2714,0.689869637262817,0.7243627345970216,Minerals
2935,-2.8514392175683017,0.7235338987632058,Industrial Chemicals and Metals
4105,2.0939515996697526,1.5851486715862864,Agriculture
8112,-1.826362793886136,1.5019829892556085,Industrial Chemicals and Metals
8407,-0.7261809782455284,-0.5090660886074783,Metalworking and Electrical Machinery and Parts
2715,0.517974162265765,0.7526750279905228,Minerals
801,2.468297441575224,0.6519020148623795,Agriculture
3926,-0.5870296293485384,-1.4983543710295315,Electronic and Electrical Goods
8441,-1.4114914224437969,-0.6252239118786589,Metalworking and Electrical Machinery and Parts
5501,-0.0187216240856518,-0.6519885675840369,"Construction, Building, and Home Supplies"
902,2.0454968512077443,1.411461544273239,Agriculture
6002,1.779595249345813,-1.608071359157497,Textile and Home Goods
6810,0.6685154953590442,-0.1559439051217186,"Construction, Building, and Home Supplies"
1209,1.8357244825973569,1.2961641642296655,Agriculture
7907,-0.2815755860156286,-0.9440861664695844,Metalworking and Electrical Machinery and Parts
8505,-1.416313704074003,-1.6268952490716044,Electronic and Electrical Goods
8456,-2.1657510675072427,0.3078790910161637,Industrial Chemicals and Metals
8547,-0.7294516251673291,-0.918625996441666,Metalworking and Electrical Machinery and Parts
5211,1.5694991904911175,-1.44100032821054,Textile and Home Goods
7215,0.1783543232725266,0.410737185906632,"Construction, Building, and Home Supplies"
1104,1.308960270969436,1.3752717294709873,Agriculture
2713,-0.6725995142691485,0.9967231733765124,Minerals
4703,-1.039295629562411,0.8247545649236381,Agriculture
7325,0.251402133414349,-0.108832433587346,"Construction, Building, and Home Supplies"
8710,-1.036878497879708,0.1351166279461972,Industrial Chemicals and Metals
2923,-2.530874702318103,0.4634590882186891,Industrial Chemicals and Metals
3002,-2.824156531426937,0.4015145153756001,Industrial Chemicals and Metals
8403,0.1943175401745072,0.0987379974394628,"Construction, Building, and Home Supplies"
8430,-1.1951613156695595,-0.4268504629766918,Metalworking and Electrical Machinery and Parts
8709,-0.886236481531967,-0.3268433076542865,Metalworking and Electrical Machinery and Parts
6207,3.0937491540470266,-1.3910459077413662,Textile Apparel and Accessories
2519,-0.4386461700860069,1.5940443180523445,Minerals
9021,-2.2586221694871265,-0.9552921713660738,Electronic and Electrical Goods
8708,-0.4724912709358277,-0.373538615170409,Metalworking and Electrical Machinery and Parts
7225,-1.4678098570751583,0.597477042247788,Industrial Chemicals and Metals
304,2.495693434584923,-0.0290259542900579,Agriculture
8308,0.5571862246469785,-1.5332725505355111,Textile and Home Goods
2918,-2.69974199547664,0.7936197431025609,Industrial Chemicals and Metals
7209,-0.6014225053636881,0.5889420988861565,"Construction, Building, and Home Supplies"
9002,-1.9697600173663872,-2.0454412987732864,Electronic and Electrical Goods
904,2.4325859409427872,0.9084708314809932,Agriculture
3304,0.8808523220900533,0.0863195471227142,"Construction, Building, and Home Supplies"
2703,0.5225058256860686,1.0105874547946412,Minerals
7020,-0.7346072557875654,-1.41942259971997,"Construction, Building, and Home Supplies"
2934,-2.814310412150564,0.8429630872917722,Industrial Chemicals and Metals
6801,1.4306229324533124,-0.2728504211345928,"Construction, Building, and Home Supplies"
8306,1.010022824434102,-1.6093445984994097,Textile and Home Goods
9013,-1.8895767171251243,-2.063381028076468,Electronic and Electrical Goods
105,1.462525525049477,0.793218909262198,Agriculture
2931,-2.730165375617927,0.9154104893043103,Industrial Chemicals and Metals
3917,1.0678609832342048,0.1811898498654187,"Construction, Building, and Home Supplies"
6815,-0.5097896179066468,-0.1475842229829627,Minerals
6912,0.5632885957419251,-1.3999137645606354,Textile and Home Goods
7505,-2.0863202935941056,1.288710975042055,Industrial Chemicals and Metals
1101,1.684045434841792,1.1669905464130088,Agriculture
7216,0.19408401860071,0.3506230599792581,"Construction, Building, and Home Supplies"
9014,-2.0032059308138805,-1.0370930535356342,Electronic and Electrical Goods
1302,-2.941896367769099,0.7907250622161244,Agriculture
5105,1.722005894945017,1.7505204499777127,Textile and Home Goods
8411,-2.0700228718638667,-0.973237653925204,Metalworking and Electrical Machinery and Parts
3209,1.216733676306971,0.1671815594789496,"Construction, Building, and Home Supplies"
1502,1.232849110151033,1.276699573502651,Agriculture
7018,0.6985578624340998,-1.0009340174689094,Textile and Home Goods
6211,3.0398683912158537,-1.472848447227455,Textile Apparel and Accessories
8508,-1.2797530386262113,-1.145760753136572,Electronic and Electrical Goods
4705,-1.1037906203669718,0.8560386044221455,Agriculture
805,2.3245432112910533,1.2503127267758662,Agriculture
8527,-1.5864358822614482,-1.9545102361729527,Electronic and Electrical Goods
2601,-0.5294420477555026,1.7178887753821317,Minerals
4901,0.6668839009075684,0.3666444572388196,Agriculture
7110,-2.076609708527488,1.4221554383624602,Industrial Chemicals and Metals
5111,0.6806849036563563,-1.051262754713992,Textile and Home Goods
7404,1.0296003684379578,0.5073759637648654,Metalworking and Electrical Machinery and Parts
7224,-0.8422403445843227,0.2621880581263611,Metalworking and Electrical Machinery and Parts
4010,-0.8974919157324641,-0.1272894942448599,Metalworking and Electrical Machinery and Parts
8516,0.1945165225626501,-0.7963339119900823,"Construction, Building, and Home Supplies"
8111,-1.3269070352433905,0.6602922389771586,Industrial Chemicals and Metals
2939,-2.860122179334479,0.8877162565961418,Industrial Chemicals and Metals
3403,-2.374693114094527,0.4747862547913781,Industrial Chemicals and Metals
3003,-2.784267556025092,0.5409741498458693,Industrial Chemicals and Metals
7113,-1.2574781370510957,-2.041542944037772,Electronic and Electrical Goods
2905,-1.3820526047137922,1.2838250875366506,Industrial Chemicals and Metals
3910,-2.292259118253498,0.9631216726624516,Industrial Chemicals and Metals
1517,1.540175727528065,0.615417730426961,Agriculture
9306,-0.9690644441621296,0.0070525835452888,Metalworking and Electrical Machinery and Parts
5902,-0.2372613217721624,-0.5669840925651259,Textile and Home Goods
9609,0.7787407347562478,-1.467569325861768,Textile and Home Goods
7220,-1.84125657979021,0.4816940684614006,Industrial Chemicals and Metals
2520,1.7325310546113313,0.8822820932692257,Minerals
6205,3.2561739232066707,-1.4904563107338045,Textile Apparel and Accessories
7106,-1.6163753653551685,1.6260562746460645,Industrial Chemicals and Metals
7218,-1.4523062253019223,0.6619748295825918,Metalworking and Electrical Machinery and Parts
3901,-1.668860806217254,1.2414478590453355,Industrial Chemicals and Metals
3920,0.7401805765799998,-0.1202181981372882,"Construction, Building, and Home Supplies"
8536,-1.2843540860743308,-1.327236261905094,Electronic and Electrical Goods
9031,-1.891328862504225,-1.2292236278347133,Electronic and Electrical Goods
5801,1.3589837709044224,-1.435539411059665,Textile and Home Goods
8481,-1.1614430011401715,-0.7970447232111275,Metalworking and Electrical Machinery and Parts
1605,2.711226511443148,0.0204264176507695,Agriculture
8465,-1.4279984634087342,-0.5443201706598337,Metalworking and Electrical Machinery and Parts
8534,-1.8021858529793156,-2.0429577330086763,Electronic and Electrical Goods
6101,3.149726231487792,-1.3866350189909695,Textile Apparel and Accessories
807,2.47843148317108,1.0929402825580263,Agriculture
7211,-0.7072569278604917,0.4214493104776653,"Construction, Building, and Home Supplies"
3814,0.6040934953291202,0.2567667390025394,"Construction, Building, and Home Supplies"
3919,-2.11512744158012,0.3656112387631292,Industrial Chemicals and Metals
2003,1.0347280620531616,-0.7765676304650273,Agriculture
3004,0.6407093113126505,0.4786035874651118,"Construction, Building, and Home Supplies"
9405,-0.0024592305914823,-0.9950428491092932,"Construction, Building, and Home Supplies"
3904,-1.5967063689234595,1.0306673834726916,Industrial Chemicals and Metals
8413,-1.12844909253997,-0.6145575410817836,Metalworking and Electrical Machinery and Parts
1518,0.7727058526187549,0.7551865728095244,Agriculture
5101,1.8211254107004224,1.7525216596857267,Textile and Home Goods
6704,2.6104998537570827,-1.1561600592128745,Textile Apparel and Accessories
2929,-2.36673947932735,1.0482000166466277,Industrial Chemicals and Metals
4205,2.4647334866662307,-1.2884060459237596,Agriculture
5601,0.260973277981011,-0.587258282416252,Textile and Home Goods
303,2.6257872029836973,-0.0705232068946815,Agriculture
5007,1.470781307390122,-1.650530180892897,Textile and Home Goods
8713,-0.8276088119660043,-0.9355898740969896,Metalworking and Electrical Machinery and Parts
9029,-1.3183875324657408,-1.4044160128846586,Electronic and Electrical Goods
811,1.953882792191731,0.7228615609615692,Agriculture
2907,-2.363557900712624,1.1083369306762665,Industrial Chemicals and Metals
4810,-1.3377924416726326,0.1700599631494825,Agriculture
6307,2.765732158443784,-1.3622653040488468,Textile Apparel and Accessories
3809,-2.059757887019039,0.4040925896152409,Industrial Chemicals and Metals
9507,1.8912605588251967,-1.0873388065745455,Agriculture
8419,-1.2262362515673906,-0.5702374641002037,Metalworking and Electrical Machinery and Parts
7309,0.0420576839182498,-0.2916054436279587,"Construction, Building, and Home Supplies"
9030,-1.9750897499348363,-1.2369072432096435,Electronic and Electrical Goods
8457,-1.9062987568793408,-0.0490663441309311,Metalworking and Electrical Machinery and Parts
8546,-0.7205163072731962,-0.6999621396625453,Metalworking and Electrical Machinery and Parts
8414,-1.1878898084230782,-0.6905927966187524,Metalworking and Electrical Machinery and Parts
8506,-1.694272416031398,-1.8184649223486176,Electronic and Electrical Goods
2835,-0.1222771939049689,0.9461093184986732,Industrial Chemicals and Metals
6807,0.0888580970844232,0.2080151160038346,"Construction, Building, and Home Supplies"
6702,0.6369688703346643,-1.7335675395723775,Textile and Home Goods
9403,0.5016539385598646,-0.461224687522108,"Construction, Building, and Home Supplies"
4409,0.6550101847182281,1.5329053194217983,Agriculture
706,2.424064054044358,1.2905265652988906,Agriculture
9114,-1.587208581919247,-2.0272775061944563,Electronic and Electrical Goods
3102,-0.3557266327653865,1.293813379113916,Industrial Chemicals and Metals
3902,-1.7094170847990486,1.1589559350733185,Industrial Chemicals and Metals
8544,0.4193513383394425,-0.6476695415212135,"Construction, Building, and Home Supplies"
9105,-1.0279572401850443,-1.7754607961234814,Metalworking and Electrical Machinery and Parts
1206,1.11568607928519,1.59402596919078,Agriculture
5107,0.9245248299246924,-1.258734516217486,Textile and Home Goods
8601,-0.752113243359156,0.2599605063324715,Metalworking and Electrical Machinery and Parts
3907,-1.9091901452032785,0.8934085469723532,Industrial Chemicals and Metals
7229,-1.3744673716252365,0.3270686263893441,Metalworking and Electrical Machinery and Parts
2825,-1.5982669899332655,1.5629723558795932,Industrial Chemicals and Metals
603,2.2142638706915427,0.8594699007245197,Agriculture
6813,-0.7713977850323288,-0.1235565071444453,Metalworking and Electrical Machinery and Parts
7013,0.2877756860478908,-0.81113001962629,"Construction, Building, and Home Supplies"
2004,1.0806234262926182,0.8368429133018598,Agriculture
4401,0.6714586007645087,1.5932273201937304,Agriculture
3908,-2.1723865646872893,0.8516616906605807,Industrial Chemicals and Metals
7419,-0.6224635327384069,-0.9092130304592512,Metalworking and Electrical Machinery and Parts
8545,-1.244793391877577,0.3057085982627514,Metalworking and Electrical Machinery and Parts
7402,-0.3957040590481537,1.9093783825138615,Industrial Chemicals and Metals
6214,2.6225341618768843,-1.7574577218149905,Textile Apparel and Accessories
8473,-1.7244723796031152,-1.9634822079841296,Electronic and Electrical Goods
9019,-2.043489930576384,-1.0908310684492135,Electronic and Electrical Goods
1601,1.1872152044904078,0.6446813235077498,Agriculture
5702,1.652906127682912,-0.7695706768417283,Textile and Home Goods
8424,-1.6461955812786069,-0.587508300452533,Metalworking and Electrical Machinery and Parts
3703,-2.374153422507588,0.8988994733903661,Industrial Chemicals and Metals
4408,0.7612280227414328,1.594551338530275,Agriculture
8711,-1.1384970612625518,-1.386527624879931,Metalworking and Electrical Machinery and Parts
8104,-0.5442616813902008,0.0149868680451361,Metalworking and Electrical Machinery and Parts
8901,-1.0549600366600147,1.1318234734783927,Metalworking and Electrical Machinery and Parts
4001,2.359746588540925,0.5209265388401225,Textile and Home Goods
3821,-2.579494401372409,0.306051426024621,Industrial Chemicals and Metals
7508,-1.7998908616380902,1.080019546953428,Industrial Chemicals and Metals
8454,-1.3134169462967826,-0.1221055265238524,Metalworking and Electrical Machinery and Parts
9022,-2.121845282624015,-0.6512404667411034,Electronic and Electrical Goods
4407,0.7063160359761298,1.6583434641632473,Agriculture
9108,-1.6205072911914251,-2.0698400996204827,Electronic and Electrical Goods
8701,-0.6058841123118528,0.0566032698701746,Metalworking and Electrical Machinery and Parts
5807,1.6806601055973625,-1.627805944503947,Textile and Home Goods
1801,2.4226625578137657,0.5452482507927989,Agriculture
208,0.6863964012060522,1.0250713358348778,Agriculture
4814,-0.2193850007728075,0.5347266584326524,Agriculture
8703,-0.6642626106906961,-0.3734350920772613,Metalworking and Electrical Machinery and Parts
1704,1.660971547149,0.4809684597713519,Agriculture
2803,-1.5369644591151943,1.0003422791554772,Industrial Chemicals and Metals
8803,-2.176416951430856,-1.011704029738684,Electronic and Electrical Goods
4421,0.7227344365531074,1.4252095767748765,Agriculture
1511,2.369478263906746,0.5925681890704908,Agriculture
6910,0.7667348526918953,-0.682059569763525,Textile and Home Goods
8475,-1.6853386264198162,0.0158691523369922,Metalworking and Electrical Machinery and Parts
808,2.4021035507556405,1.46823090949697,Agriculture
2841,-1.679891216094938,1.6046061595281795,Industrial Chemicals and Metals
6001,1.6473521043672736,-1.4973056092924,Textile and Home Goods
8443,-1.864494788422888,-1.7363724886067775,Electronic and Electrical Goods
2101,1.5288970023014912,0.3514391107998551,Agriculture
2517,0.7530967648630464,0.4149289537360263,Minerals
2616,-0.3409261332282267,1.9455371226312064,Minerals
8431,-1.0384352676174853,-0.6453110025317066,Metalworking and Electrical Machinery and Parts
6210,2.973264003703065,-1.490345744045411,Textile Apparel and Accessories
7203,-0.6268972638128405,1.4136262956086778,Industrial Chemicals and Metals
1901,1.2484188248617762,0.8091877459118599,Agriculture
7409,-0.5172126085195856,1.1026517430851768,Industrial Chemicals and Metals
1805,2.133130651147864,0.4844682387602739,Agriculture
2301,2.647296007081634,-0.0029908729964214,Agriculture
7303,1.0473742945063944,-0.1743056108889751,"Construction, Building, and Home Supplies"
8433,0.1115041879255316,0.4950493169458139,Metalworking and Electrical Machinery and Parts
7605,-0.6713811674194705,1.0678792298640665,Metalworking and Electrical Machinery and Parts
5512,1.4878114489066254,-1.4815507203685767,Textile and Home Goods
8906,-1.020508391031342,1.201069472666994,Metalworking and Electrical Machinery and Parts
406,1.2545595864144037,0.987180581565628,Agriculture
8484,-0.9381897132784828,-0.7536018993819427,Metalworking and Electrical Machinery and Parts
8510,-0.6662869126264837,-1.413011152350196,Metalworking and Electrical Machinery and Parts
2602,-0.1931857141318649,2.020557686123677,Minerals
9011,-1.9363846494414487,-1.7171643676125294,Electronic and Electrical Goods
3504,-2.671111113486931,0.3036706908316091,Industrial Chemicals and Metals
3818,-2.0950190944806413,0.5835417329784436,Industrial Chemicals and Metals
9015,-2.08634499064013,-0.8832942572719809,Metalworking and Electrical Machinery and Parts
9020,-1.8273881492152704,-1.1149874038883083,Metalworking and Electrical Machinery and Parts
2204,1.370102943432669,1.0114099573117237,Agriculture
3401,1.794420568191601,0.85787544384447,"Construction, Building, and Home Supplies"
8439,-1.3213764863477362,-0.4737960252885991,Metalworking and Electrical Machinery and Parts
2607,-0.3312967305307199,2.0372962279210176,Minerals
6110,3.1795900951608864,-1.5719638478778422,Textile Apparel and Accessories
705,2.3670220693220383,1.297432603272633,Agriculture
7411,-0.4577497019738361,0.593142330867821,"Construction, Building, and Home Supplies"
9701,-2.545056675341211,-0.0157514407965271,Industrial Chemicals and Metals
2708,-0.6814068843481098,1.1714404412916983,Minerals
2620,0.0976640611434374,0.9572396195437416,Minerals
3215,-2.457840866791927,0.3878961087024311,Industrial Chemicals and Metals
3815,-2.150482363327751,0.6307074224392446,Industrial Chemicals and Metals
3916,0.3443007444801513,0.0474373032403638,Metalworking and Electrical Machinery and Parts
806,2.348295473042594,1.50782538515739,Agriculture
1803,2.188564271313484,0.4685784205950898,Agriculture
2712,-0.970695549563189,1.135412747559847,Minerals
3912,-2.2176643193822243,0.6466287888083437,Industrial Chemicals and Metals
4418,0.7607314531749534,1.3702704808972328,Agriculture
7204,0.6388246332707248,0.7924100204165985,Industrial Chemicals and Metals
7101,-1.3369113562163149,-2.011491092742668,Minerals
7206,-0.5717923466582957,1.4523112004443992,Industrial Chemicals and Metals
6117,2.895153482520108,-1.5915151517732165,Textile Apparel and Accessories
2711,-0.9351434182351732,1.595975683706662,Minerals
7412,-0.4314051062279418,-0.8543751492695899,Metalworking and Electrical Machinery and Parts
2821,-1.9256344654523216,0.7405666734342087,Industrial Chemicals and Metals
8311,-0.7916985734706321,-0.4729191864653363,Metalworking and Electrical Machinery and Parts
5112,0.9895171850026592,-1.2651443654606078,Textile and Home Goods
3817,-1.731859241616548,1.2876769279081008,Industrial Chemicals and Metals
4009,-0.3678084399068742,-0.6362364842603363,Metalworking and Electrical Machinery and Parts
5209,1.840081371625125,-1.529860017423833,Textile and Home Goods
6506,-0.1547091835768093,-1.4753502849067903,Textile and Home Goods
9026,-1.8148478573084748,-0.9743816758487912,Electronic and Electrical Goods
1507,1.555197522378613,0.91721222913016,Agriculture
1516,1.9107442662804195,0.8020634156753799,Agriculture
712,2.4667789400325244,1.1500663851644908,Agriculture
3806,-1.8272938847475235,0.5361697076098597,Industrial Chemicals and Metals
8482,-0.8483159401689746,-0.513421102114918,Metalworking and Electrical Machinery and Parts
8704,-0.6072066269002088,-0.2103510023937542,Metalworking and Electrical Machinery and Parts
8502,-1.4760528018423742,-0.7061401421613225,Metalworking and Electrical Machinery and Parts
9111,-1.5468501242308574,-2.122733634816016,Electronic and Electrical Goods
8309,0.9100792587271832,0.2539018898136138,"Construction, Building, and Home Supplies"
3914,-1.736604253280975,0.4145277647564076,Industrial Chemicals and Metals
8902,2.549193716192192,-0.0909916579188836,"Construction, Building, and Home Supplies"
2904,-2.1008566447751456,0.8717083546283115,Industrial Chemicals and Metals
8448,-1.8333129338777876,-0.2730662866124138,Metalworking and Electrical Machinery and Parts
8512,-0.4858117205192718,-0.7600573248295948,Metalworking and Electrical Machinery and Parts
7019,0.0353706530505828,0.0942310435202964,"Construction, Building, and Home Supplies"
8530,-0.4496255353264859,-0.0136793808069253,Metalworking and Electrical Machinery and Parts
9023,-1.578291786809633,-0.6665227008290093,Metalworking and Electrical Machinery and Parts
3212,-2.0899732556788706,0.1028534103287999,"Construction, Building, and Home Supplies"
2503,-0.758471754609654,1.340293768190234,Minerals
4106,2.1250427353626247,1.6267119800925416,Agriculture
8702,-0.4746803828619184,-0.2441030229625169,"Construction, Building, and Home Supplies"
3501,1.0019653520372795,1.2049219641270796,"Construction, Building, and Home Supplies"
8705,-0.5519170320821982,-0.2856750323805457,"Construction, Building, and Home Supplies"
2937,-2.843093718928782,0.5822687955048989,Industrial Chemicals and Metals
2201,1.346178902722393,0.4570070957838457,Agriculture
2508,-0.5465858934938015,0.4856158120764222,Minerals
511,2.477776277875804,0.1367306174853313,Agriculture
8401,-2.1789927188423555,1.02975443882506,Industrial Chemicals and Metals
9606,1.6398814924700442,-1.6638927689219354,Textile and Home Goods
3811,-2.506812199208704,0.6272504969205563,Industrial Chemicals and Metals
7221,-1.8634559230760024,0.5769605290442628,Industrial Chemicals and Metals
1001,1.070668377149138,1.5368849507355602,Agriculture
2716,0.3857043640395363,1.2731677136009298,Minerals
210,1.0417098680592702,0.9132577535137024,Agriculture
2529,-0.382214581414567,1.815445824976838,Minerals
7607,-1.381261626796683,-0.1780001245699811,Metalworking and Electrical Machinery and Parts
8421,-1.089947314757171,-0.7255628264561196,Metalworking and Electrical Machinery and Parts
8604,-0.2233914240459737,0.606452535856588,Industrial Chemicals and Metals
6203,3.211415295528668,-1.4250638684230574,Textile Apparel and Accessories
8423,-1.5553496370727395,-0.94623730413354,Metalworking and Electrical Machinery and Parts
5210,1.5744321809093211,-1.5852058661294417,Textile and Home Goods
409,2.0284193940634614,1.1307980680663363,Agriculture
5607,1.7608340527494128,-0.8470247137067388,Textile and Home Goods
9027,-2.159577319504033,-0.9143862848127003,Electronic and Electrical Goods
9506,-0.6867732345664814,-1.642161265133483,Electronic and Electrical Goods
8542,-1.76129738690223,-2.1777506837603697,Electronic and Electrical Goods
6902,-0.8178372789912522,0.1920409522653319,Metalworking and Electrical Machinery and Parts
8467,-1.3076437061320256,-0.9187630801945132,Metalworking and Electrical Machinery and Parts
2932,-2.8574380628032414,0.788508697308802,Industrial Chemicals and Metals
9703,-2.5550103979354364,-0.1011602418584858,Industrial Chemicals and Metals
7604,0.66081111736281,-0.2237546681967459,"Construction, Building, and Home Supplies"
2925,-2.455961012009732,0.8427322467753195,Industrial Chemicals and Metals
4203,2.768554223871208,-1.6690912973524423,Agriculture
4817,1.1796563189930316,0.0649457277550107,Agriculture
6403,2.8424126962093963,-1.6436658481057935,Textile Apparel and Accessories
3305,0.976718124294324,0.1455823450633868,"Construction, Building, and Home Supplies"
6302,2.781701733001177,-1.293107971294514,Textile Apparel and Accessories
8001,-1.6787349175168311,-1.8768535982813364,Industrial Chemicals and Metals
9025,-1.840498551644901,-1.2843486983027912,Electronic and Electrical Goods
7201,-0.56864494044141,1.3976375119707996,Minerals
2606,0.5573351404987505,1.604371767619166,Minerals
2843,-2.3184969176147265,1.2840355667357546,Industrial Chemicals and Metals
602,2.168107292398465,0.9062602079916436,Agriculture
8476,-1.241042619709546,-1.0958061550977702,Electronic and Electrical Goods
5810,1.7102760207093797,-1.672735322069209,Textile and Home Goods
2402,1.091806053112383,0.4627077319325745,Agriculture
1103,1.6444362023912171,1.2511242199760102,Agriculture
8907,-1.0291228918523632,-0.4997852936182014,Metalworking and Electrical Machinery and Parts
5906,-0.3311530719709235,-0.2245395259526841,Textile and Home Goods
301,2.622239264475839,-0.2470692052191776,Agriculture
710,2.2127502596530064,1.0049762545485683,Agriculture
8466,-1.375674409184037,-0.4338278247510303,Metalworking and Electrical Machinery and Parts
7308,0.608244310737708,-0.1056653608914954,"Construction, Building, and Home Supplies"
7302,-0.5974890117338569,0.4585155497740478,Metalworking and Electrical Machinery and Parts
2203,1.2338969006680172,0.5484665819212764,Agriculture
8715,-0.2023238656861696,-1.0937466433618832,Metalworking and Electrical Machinery and Parts
7202,-0.3866821180990292,1.5501820747617283,Minerals
5509,1.5227105145349356,-1.5287918177314188,Textile and Home Goods
8302,-0.1776946754068493,-1.000720993105137,Metalworking and Electrical Machinery and Parts
8462,-1.5028175530271963,-0.4119138977647045,Metalworking and Electrical Machinery and Parts
405,1.1364967639138186,1.1674922398020984,Agriculture
9012,-2.316583348919456,-0.1013825590327921,Industrial Chemicals and Metals
4821,1.2530704890279851,0.1184360922273501,Agriculture
1107,0.865021760113502,1.2561364186768271,Agriculture
2709,-0.7594063910865594,1.491720411792897,Minerals
6806,0.0072761737837634,0.6100445918622146,Minerals
7115,-1.8657831306134036,1.4603977213053536,Industrial Chemicals and Metals
4403,0.8475935315581076,1.6350569831420456,Agriculture
5510,1.429374019952614,-1.5795624074009416,Textile and Home Goods
4702,-1.1059340060791352,0.7842147085635323,Agriculture
9033,-1.8249196672388528,-1.3406869244696409,Electronic and Electrical Goods
7006,-1.481731899801988,-1.7158423025418936,Industrial Chemicals and Metals
1806,1.3648619735147838,0.7546194154175638,Agriculture
8209,-1.9880026982588743,0.2802387802850425,Industrial Chemicals and Metals
2902,-1.7975673219788115,1.2574575367094472,Industrial Chemicals and Metals
6114,3.1788687457968026,-1.4927964653478214,Textile Apparel and Accessories
2008,2.0582029923369767,0.8289817282988889,Agriculture
401,1.1543950310506066,0.8495585559860719,Agriculture
2814,-0.6299408690788604,1.3536582502953047,Industrial Chemicals and Metals
2612,-0.3030852459517943,1.98892993101516,Minerals
206,1.252061455756496,1.3548833031591547,Agriculture
3823,-2.456788393617207,0.4759266069426524,Industrial Chemicals and Metals
4707,1.1987170589694314,0.4911520187495855,Agriculture
8540,-1.634067130953662,-1.5093376740175206,Industrial Chemicals and Metals
2005,2.08183941027115,0.893219020989358,Agriculture
1504,2.5191617414384826,0.0344733590262755,Agriculture
3906,-2.114519062862207,0.8102343412995294,Industrial Chemicals and Metals
2941,-2.898994938536844,0.8398056625457118,Industrial Chemicals and Metals
8205,-1.2411336442182854,-0.907752165129364,Metalworking and Electrical Machinery and Parts
3925,0.6784102079074095,-0.068929105153888,"Construction, Building, and Home Supplies"
1514,0.7273271090128484,1.1583944007195792,Agriculture
7223,-1.9993797226191308,0.7046939387977607,Industrial Chemicals and Metals
1904,1.6020927501942523,0.6058231699049368,Agriculture
1513,2.4854542471495567,0.5432619569335402,Agriculture
6913,0.715028102355209,-1.514050259484945,Textile and Home Goods
307,2.6986426329179967,-0.0687058409415652,Agriculture
1902,1.6329320860540175,0.5411951648429034,Agriculture
4818,1.2865205594040177,0.197381240448891,Agriculture
2103,1.5969764881325317,0.3759279157725168,Agriculture
3204,-2.537357982556067,0.9378807419352873,Industrial Chemicals and Metals
